Ссылка на товар,Артикул,Название,Цена,Описание,Ссылки на изображения,Основная информация,Дополнительная информация,Название селлера,Ссылка на селлера,Размеры товара,Остатки товара,Рейтинг,Количество отзывов
https://www.wildberries.ru/catalog/123463818/detail.aspx,123463818,Ботинки зимние классические с мехом,4568,"Carte Blanche - это Ваш выбор на каждый день. Наша обувь, изготавливаемая опытными мастерами, призвана дарить клиентам удовольствие приятным видом, а также комфортной эксплуатацией. Классические мужские зимние ботинки прекрасно сочетают в себе надежность и морозостойкость. Данная зимняя обувь с мехом является отличным дополнением к любому образу. Теплые полуботинки на молнии, изготовленные из натуральной кожи с подкладом и стелькой из натурального меха, станут отличным вариантом на зиму. Утепленные кожаные ботинки на натуральном меху сделают этот период для Вас теплым и уютным. Подошва из термоэластопласта обеспечит хорошее сцепление с любой поверхностью, а натуральный мех поможет выдержать холода вплоть до -30 градусов. Если комфортная и одновременно стильная мужская кожаная обувь безупречного качества - это причина Вашего нахождения на сайте, то Вы попали по адресу, а наши зимние ботинки - то, что Вам нужно! ","https://basket-09.wbbasket.ru/vol1234/part123463/123463818/images/big/1.webp,https://basket-09.wbbasket.ru/vol1234/part123463/123463818/images/big/2.webp,https://basket-09.wbbasket.ru/vol1234/part123463/123463818/images/big/3.webp,https://basket-09.wbbasket.ru/vol1234/part123463/123463818/images/big/4.webp,https://basket-09.wbbasket.ru/vol1234/part123463/123463818/images/big/5.webp,https://basket-09.wbbasket.ru/vol1234/part123463/123463818/images/big/6.webp,https://basket-09.wbbasket.ru/vol1234/part123463/123463818/images/big/7.webp,https://basket-09.wbbasket.ru/vol1234/part123463/123463818/images/big/8.webp,https://basket-09.wbbasket.ru/vol1234/part123463/123463818/images/big/9.webp,https://basket-09.wbbasket.ru/vol1234/part123463/123463818/images/big/10.webp,https://basket-09.wbbasket.ru/vol1234/part123463/123463818/images/big/11.webp,https://basket-09.wbbasket.ru/vol1234/part123463/123463818/images/big/12.webp,https://basket-09.wbbasket.ru/vol1234/part123463/123463818/images/big/13.webp,https://basket-09.wbbasket.ru/vol1234/part123463/123463818/images/big/14.webp,","Пол: Мужской,","Страна производства: Россия,",Carte Blanche,https://www.wildberries.ru/seller/250026734,"45,",48,4.8,890
https://www.wildberries.ru/catalog/261482391/detail.aspx,261482391,Ботинки зимние из натуральной кожи и меха утепленные,2902,"Ботинки мужские из натуральной кожи отличный вариант для холодных зим России и не только. Теплые ботинки из натурального меха подходят для повседневной носки, для учебы и офиса. Мужские кожаные полуботинки удобны, практичны, мало весят, обеспечивают свободу движений. Обувь подойдет для холодных температур до -25 градусов, либо с теплыми носками до -40 градусов. Для Вашего удобства на второй фотографии изображена размерная сетка, которая поможет подобрать Вам нужный размер, к примеру у 39 размера нашей обуви стопа 25,5-26 см.  Ботинки подойдут для мужчин и мальчиков, подростков от 12 лет, при выборе размера ориентируйтесь на размерную сетку представленной в картинках позиции. Подошва из полиуретана отличается мягкостью, легкостью и гибкостью. Ботинки отлично подойдут для повседневной носки, учебы или офиса, на свадьбу или деловую встречу, для вечерних мероприятий и дня рождения. Мы производим наши изделия из натуральных материалов, которые помогают ногам дышать. Такая мужская круглогодичная обувь отлично дополняет деловой стиль, подчеркивая презентабельность образа. Для мужчин классические туфли являются незаменимой вещью в гардеробе. На сегодняшний день черные туфли считаются обязательным элементом в каждом гардеробе. Вся наша продукция проходит контроль качества перед отправкой к покупателю.
Мы предоставляем гарантию на производственный брак сроком 60 дней с момента получения заказа в пункте выдачи.","https://basket-16.wbbasket.ru/vol2614/part261482/261482391/images/big/1.webp,https://basket-16.wbbasket.ru/vol2614/part261482/261482391/images/big/2.webp,https://basket-16.wbbasket.ru/vol2614/part261482/261482391/images/big/3.webp,https://basket-16.wbbasket.ru/vol2614/part261482/261482391/images/big/4.webp,https://basket-16.wbbasket.ru/vol2614/part261482/261482391/images/big/5.webp,https://basket-16.wbbasket.ru/vol2614/part261482/261482391/images/big/6.webp,https://basket-16.wbbasket.ru/vol2614/part261482/261482391/images/big/7.webp,https://basket-16.wbbasket.ru/vol2614/part261482/261482391/images/big/8.webp,https://basket-16.wbbasket.ru/vol2614/part261482/261482391/images/big/9.webp,https://basket-16.wbbasket.ru/vol2614/part261482/261482391/images/big/10.webp,https://basket-16.wbbasket.ru/vol2614/part261482/261482391/images/big/11.webp,https://basket-16.wbbasket.ru/vol2614/part261482/261482391/images/big/12.webp,https://basket-16.wbbasket.ru/vol2614/part261482/261482391/images/big/13.webp,https://basket-16.wbbasket.ru/vol2614/part261482/261482391/images/big/14.webp,https://basket-16.wbbasket.ru/vol2614/part261482/261482391/images/big/15.webp,https://basket-16.wbbasket.ru/vol2614/part261482/261482391/images/big/16.webp,https://basket-16.wbbasket.ru/vol2614/part261482/261482391/images/big/17.webp,https://basket-16.wbbasket.ru/vol2614/part261482/261482391/images/big/18.webp,","Пол: Мужской,","Страна производства: Россия,",MAGMA,https://www.wildberries.ru/seller/37079,"29.5-30 см,",48,4.6,409
https://www.wildberries.ru/catalog/262065688/detail.aspx,262065688,Ботинки детские из натуральной кожи утепленные,2467,"Ботинки осенние для мальчика из натуральной кожи утепленные байкой. Ботинки детские демисезонные бренда Тотта сделаны с заботой о ногах Вашего ребенка.Наша детская ортопедическая обувь произведена с оглядкой на опыт ведущих ортопедов и мы знаем как создать удобство и предупредить заболевания стоп Вашего малыша. Ортопедическая обувь для мальчика как и для девочки оснащена мяшкой гибкой подошвой, жестким, поддерживающим ногу задником (берцем),  а так же анатомической стелькой с супинатором. Наша обувь не является лечебной! Ботинки осенние для девочки так же есть в нашем ассортименте, но данная модель может подойти и для девочек, так как она унисекс.
","https://basket-16.wbbasket.ru/vol2620/part262065/262065688/images/big/1.webp,https://basket-16.wbbasket.ru/vol2620/part262065/262065688/images/big/2.webp,https://basket-16.wbbasket.ru/vol2620/part262065/262065688/images/big/3.webp,https://basket-16.wbbasket.ru/vol2620/part262065/262065688/images/big/4.webp,https://basket-16.wbbasket.ru/vol2620/part262065/262065688/images/big/5.webp,https://basket-16.wbbasket.ru/vol2620/part262065/262065688/images/big/6.webp,https://basket-16.wbbasket.ru/vol2620/part262065/262065688/images/big/7.webp,","Пол: Детский,","Страна производства: Россия,",Тотта,https://www.wildberries.ru/seller/49835,"36,",48,4.9,59
https://www.wildberries.ru/catalog/173160505/detail.aspx,173160505,Ботинки зимние из натуральной кожи подростковые,814,"Зимние ботинки для мальчиков подростков от бренда Alessio Nesca — отличный выбор для холодного времени года. Модель создана специально для детей, имеет удобную колодку и утеплённую подкладку. Толстая нескользящая подошва обеспечивает безопасность на льду и снежной поверхности. Они лёгкие, универсальные и удобные для повседневного использования.

Детская обувь сочетает комфорт, стиль и надёжную защиту от холода и снега, сохраняя тепло и удобство при каждом шаге. Прекрасно подходят для длительных зимних прогулок и активных игр на улице.

Эти подростковые ботинки — лучший выбор для активных детей и подростков, которым важны тепло, практичность и долговечность обуви. Такая пара станет отличным зимним подарком для сына или внука, позволяя ребенку наслаждаться активностями на улице.

Обувь Alessio Nesca — это воплощение итальянского шика и современных трендов в каждой паре. Безупречный стиль, натуральные материалы и комфорт, который ощущается с первого шага. Откройте для себя итальянский стиль и безупречный комфорт — выбирайте Alessio Nesca от kari!","https://basket-12.wbbasket.ru/vol1731/part173160/173160505/images/big/1.webp,https://basket-12.wbbasket.ru/vol1731/part173160/173160505/images/big/2.webp,https://basket-12.wbbasket.ru/vol1731/part173160/173160505/images/big/3.webp,https://basket-12.wbbasket.ru/vol1731/part173160/173160505/images/big/4.webp,https://basket-12.wbbasket.ru/vol1731/part173160/173160505/images/big/5.webp,https://basket-12.wbbasket.ru/vol1731/part173160/173160505/images/big/6.webp,https://basket-12.wbbasket.ru/vol1731/part173160/173160505/images/big/7.webp,https://basket-12.wbbasket.ru/vol1731/part173160/173160505/images/big/8.webp,https://basket-12.wbbasket.ru/vol1731/part173160/173160505/images/big/9.webp,https://basket-12.wbbasket.ru/vol1731/part173160/173160505/images/big/10.webp,https://basket-12.wbbasket.ru/vol1731/part173160/173160505/images/big/11.webp,","Пол: Мальчики,","Страна производства: Россия,",Alessio Nesca,https://www.wildberries.ru/seller/8475,"35 р. - 22,5 см,",48,4.7,374
https://www.wildberries.ru/catalog/261482396/detail.aspx,261482396,Ботинки зимние из натуральной кожи и меха утепленные,2902,"Ботинки мужские из натуральной кожи отличный вариант для холодных зим России и не только. Теплые ботинки из натурального меха подходят для повседневной носки, для учебы и офиса. Мужские кожаные полуботинки удобны, практичны, мало весят, обеспечивают свободу движений. Обувь подойдет для холодных температур до -25 градусов, либо с теплыми носками до -40 градусов. Для Вашего удобства на второй фотографии изображена размерная сетка, которая поможет подобрать Вам нужный размер, к примеру у 39 размера нашей обуви стопа 25,5-26 см.  Ботинки подойдут для мужчин и мальчиков, подростков от 12 лет, при выборе размера ориентируйтесь на размерную сетку представленной в картинках позиции. Подошва из полиуретана отличается мягкостью, легкостью и гибкостью. Ботинки отлично подойдут для повседневной носки, учебы или офиса, на свадьбу или деловую встречу, для вечерних мероприятий и дня рождения. Мы производим наши изделия из натуральных материалов, которые помогают ногам дышать. Такая мужская круглогодичная обувь отлично дополняет деловой стиль, подчеркивая презентабельность образа. Для мужчин классические туфли являются незаменимой вещью в гардеробе. На сегодняшний день черные туфли считаются обязательным элементом в каждом гардеробе. Вся наша продукция проходит контроль качества перед отправкой к покупателю.
Мы предоставляем гарантию на производственный брак сроком 60 дней с момента получения заказа в пункте выдачи.","https://basket-16.wbbasket.ru/vol2614/part261482/261482396/images/big/1.webp,https://basket-16.wbbasket.ru/vol2614/part261482/261482396/images/big/2.webp,https://basket-16.wbbasket.ru/vol2614/part261482/261482396/images/big/3.webp,https://basket-16.wbbasket.ru/vol2614/part261482/261482396/images/big/4.webp,https://basket-16.wbbasket.ru/vol2614/part261482/261482396/images/big/5.webp,https://basket-16.wbbasket.ru/vol2614/part261482/261482396/images/big/6.webp,https://basket-16.wbbasket.ru/vol2614/part261482/261482396/images/big/7.webp,https://basket-16.wbbasket.ru/vol2614/part261482/261482396/images/big/8.webp,https://basket-16.wbbasket.ru/vol2614/part261482/261482396/images/big/9.webp,https://basket-16.wbbasket.ru/vol2614/part261482/261482396/images/big/10.webp,https://basket-16.wbbasket.ru/vol2614/part261482/261482396/images/big/11.webp,https://basket-16.wbbasket.ru/vol2614/part261482/261482396/images/big/12.webp,","Пол: Мужской,","Страна производства: Россия,",MAGMA,https://www.wildberries.ru/seller/37079,"28.5-29 см,",48,4.6,561
https://www.wildberries.ru/catalog/154155184/detail.aspx,154155184,зимние ботинки из натуральной кожи и меха,2055,"Мужская обувь марки BREMENGEN производится из натуральных, экологически чистых и сертифицированных материалов высокого качества. Изготовлены зимние мужские ботинки из натуральной кожи (материал верха) и натуральной шерсти (материал подкладки и стельки). Подошва изготовлена из ТЭП (термоэластопласт) - материал с отличными теплоизоляционными свойствами, устойчивостью к скольжению и истиранию, а так же стойкостью к агрессивным факторам среды. Модель оснащена застежкой молнией и шнуровкой, что позволяет регулировать полноту обуви и надежно фиксировать стопу. Комфортные мужские кожаные ботинки с натуральным мехом из овчины обладают дополнительным удобством - съемными стельками, что позволяет просушить стельку, поменять ее на ортопедическую при необходимости или скорректировать полноту обуви поменяв стандартную стельку на более толстую или тонкую соотвественно. Современный дизайн зимней обуви марки BREMENGEN обладает своим характером и легко впишется в ваш гардероб. Теплые зимние ботинки из натуральной кожи и меха овчины не дадут замерзнуть и станут эффектным дополнением вашего образа, а качественные материалы, из которых они изготовлены, позволят вам чувствовать себя комфортно и быть уверенным в своем выборе на протяжении всего сезона. 

Купить мужскую обувь BREMENGEN - проявить заботу о себе. Мы создаем обувь для мужчин с большим вниманием к качеству и комфорту. Обувь BREMENGEN создана, чтобы подчеркнуть индивидуальность и хороший вкус своего обладателя. ","https://basket-10.wbbasket.ru/vol1541/part154155/154155184/images/big/1.webp,https://basket-10.wbbasket.ru/vol1541/part154155/154155184/images/big/2.webp,https://basket-10.wbbasket.ru/vol1541/part154155/154155184/images/big/3.webp,https://basket-10.wbbasket.ru/vol1541/part154155/154155184/images/big/4.webp,https://basket-10.wbbasket.ru/vol1541/part154155/154155184/images/big/5.webp,https://basket-10.wbbasket.ru/vol1541/part154155/154155184/images/big/6.webp,https://basket-10.wbbasket.ru/vol1541/part154155/154155184/images/big/7.webp,https://basket-10.wbbasket.ru/vol1541/part154155/154155184/images/big/8.webp,https://basket-10.wbbasket.ru/vol1541/part154155/154155184/images/big/9.webp,https://basket-10.wbbasket.ru/vol1541/part154155/154155184/images/big/10.webp,https://basket-10.wbbasket.ru/vol1541/part154155/154155184/images/big/11.webp,https://basket-10.wbbasket.ru/vol1541/part154155/154155184/images/big/12.webp,https://basket-10.wbbasket.ru/vol1541/part154155/154155184/images/big/13.webp,https://basket-10.wbbasket.ru/vol1541/part154155/154155184/images/big/14.webp,https://basket-10.wbbasket.ru/vol1541/part154155/154155184/images/big/15.webp,","Пол: Мужской,","Страна производства: Россия,",BREMENGEN,https://www.wildberries.ru/seller/1227089,"43,",33,4.8,397
https://www.wildberries.ru/catalog/529024207/detail.aspx,529024207,Ботинки демисезонные из натуральной кожи и байки,3429,"Эти женские демисезонные ботинки из натуральной кожи станут идеальным выбором для весенней и осенней погоды. Высокие модели, известные как мартинсы и гриндерсы, предлагают уникальный стиль, сочетающий в себе комфорт и элегантность. Натуральная кожа обеспечивает долговечность и качество, которые вы оцените в повседневной носке. Байка внутри делает обувь теплой, создавая дополнительное удобство в прохладный сезон. Дизайн с массивной подошвой на платформе придает этим берцам особый характер. Они отлично подходят как для повседневных прогулок по городу, так и для более активного отдыха. Платформа не только повышает уровень комфорта при долгих прогулках, но также добавляет несколько сантиметров роста без ущерба для устойчивости.
Обратите внимание на шнуровку, обеспечивающую надежную фиксацию стопы. Она позволяет адаптировать посадку под индивидуальные параметры ног. Важно отметить наличие молнии, облегчающей процесс надевания обуви.
Эта модель выполнена в классическом черном цвете, который легко вписывается в любой гардероб и подходит к разным стилям одежды. Независимо от того, предпочитаете ли вы спортивный стиль или тяготеете к классике, данная обувь станет гармоничным дополнением вашего образа.
Эти ботинки прослужат верой и правдой не один сезон благодаря качеству материалов.
Черная демисезонная обувь на каблуке прекрасно подойдет для создания различных образов — от строгого делового до расслабленного кэжуал стиля. Массивные элементы подчеркнут вашу уверенность в себе и добавят нотки оригинальности в каждое появление на улице.
ROMAXTEX SHOES - это стиль, качество, комфорт!","https://basket-28.wbbasket.ru/vol5290/part529024/529024207/images/big/1.webp,https://basket-28.wbbasket.ru/vol5290/part529024/529024207/images/big/2.webp,https://basket-28.wbbasket.ru/vol5290/part529024/529024207/images/big/3.webp,https://basket-28.wbbasket.ru/vol5290/part529024/529024207/images/big/4.webp,https://basket-28.wbbasket.ru/vol5290/part529024/529024207/images/big/5.webp,https://basket-28.wbbasket.ru/vol5290/part529024/529024207/images/big/6.webp,https://basket-28.wbbasket.ru/vol5290/part529024/529024207/images/big/7.webp,https://basket-28.wbbasket.ru/vol5290/part529024/529024207/images/big/8.webp,https://basket-28.wbbasket.ru/vol5290/part529024/529024207/images/big/9.webp,https://basket-28.wbbasket.ru/vol5290/part529024/529024207/images/big/10.webp,","Пол: Женский,","Страна производства: Россия,",ROMAXTEX.SHOES,https://www.wildberries.ru/seller/274032,"41,",8,4.6,18
https://www.wildberries.ru/catalog/552630033/detail.aspx,552630033,Ботинки натуральная кожа,2999,"Мужские ботинки универсальная и комфортная обувь. Теплые ботинки идеальны для классического и повседневного стиля. Ботинки из натуральной кожи (крейзи хорс) не только практичная, но и красивая стильная обувь для мужчин и подростков на зиму и осень. Кожаная обувь не натирает стопы и не теряет первоначальный вид. Улучшенные свойства материала продлевают срок службы кожаной обуви. Подошва изготовлена из ТЭП материала, который является легким, также обладает высокой износостойкостью и отличными амортизационными свойствами. А стелька и подкладка из шерсти обеспечивают хорошую воздухопроницаемость, что позволяет ногам дышать и не потеть. Что делает челси ботинки универсальными как для школы так и для работы. Вся обувь для мужчин бренда произведена в России.  Ботинки бежевые для мужчин - идеальный вариант на каждый день для прогулок и работы. Благодаря широкому размерному ряду подойдут как мальчику, школьнику подростку или юноше, так и взрослому мужчине. Отличный подарок любимому мужчине на День рождения или просто так без повода. ROMAXTEX SHOES - это стиль, качество, комфорт! Оригинальная, удобная и комфортная обувь на каждый день, произведенная в России!","https://basket-29.wbbasket.ru/vol5526/part552630/552630033/images/big/1.webp,https://basket-29.wbbasket.ru/vol5526/part552630/552630033/images/big/2.webp,https://basket-29.wbbasket.ru/vol5526/part552630/552630033/images/big/3.webp,https://basket-29.wbbasket.ru/vol5526/part552630/552630033/images/big/4.webp,https://basket-29.wbbasket.ru/vol5526/part552630/552630033/images/big/5.webp,https://basket-29.wbbasket.ru/vol5526/part552630/552630033/images/big/6.webp,https://basket-29.wbbasket.ru/vol5526/part552630/552630033/images/big/7.webp,","Пол: Мужской,","Страна производства: Россия,",ROMAXTEX.SHOES,https://www.wildberries.ru/seller/274032,"43,",2,4.7,141
https://www.wildberries.ru/catalog/267956926/detail.aspx,267956926,Ботинки мужские зимние натуральная кожа,1971,"Ботинки мужские Alessio Nesca – зимняя модель. Верх выполнен из натуральной кожи глубокого черного цвета.

Контрастная двойная строчка по ранту и высокой части ботинка задает четкий и современный дизайн. Внутри ботинки утеплены натуральным мехом, который сохраняет тепло в морозы, а мягкая внутренняя часть делает их удобными для длительной носки.

Шнуровка помогает надежно зафиксировать ботинки на ноге, что особенно важно при активном движении. 

Высокая подошва с широким каблуком обеспечивает устойчивость на разных поверхностях. Это делает модель практичным вариантом для зимних прогулок по городу.

Обувь Alessio Nesca — это воплощение итальянского шика и современных трендов в каждой паре. Безупречный стиль, натуральные материалы и комфорт, который ощущается с первого шага.
Элегантность в деталях, утонченный дизайн и высокое качество делают Alessio Nesca идеальным выбором для тех, кто ценит моду и удобство.
Откройте для себя итальянский стиль и безупречный комфорт — выбирайте Alessio Nesca от kari!","https://basket-17.wbbasket.ru/vol2679/part267956/267956926/images/big/1.webp,https://basket-17.wbbasket.ru/vol2679/part267956/267956926/images/big/2.webp,https://basket-17.wbbasket.ru/vol2679/part267956/267956926/images/big/3.webp,https://basket-17.wbbasket.ru/vol2679/part267956/267956926/images/big/4.webp,https://basket-17.wbbasket.ru/vol2679/part267956/267956926/images/big/5.webp,https://basket-17.wbbasket.ru/vol2679/part267956/267956926/images/big/6.webp,https://basket-17.wbbasket.ru/vol2679/part267956/267956926/images/big/7.webp,https://basket-17.wbbasket.ru/vol2679/part267956/267956926/images/big/8.webp,https://basket-17.wbbasket.ru/vol2679/part267956/267956926/images/big/9.webp,https://basket-17.wbbasket.ru/vol2679/part267956/267956926/images/big/10.webp,https://basket-17.wbbasket.ru/vol2679/part267956/267956926/images/big/11.webp,https://basket-17.wbbasket.ru/vol2679/part267956/267956926/images/big/12.webp,https://basket-17.wbbasket.ru/vol2679/part267956/267956926/images/big/13.webp,https://basket-17.wbbasket.ru/vol2679/part267956/267956926/images/big/14.webp,https://basket-17.wbbasket.ru/vol2679/part267956/267956926/images/big/15.webp,https://basket-17.wbbasket.ru/vol2679/part267956/267956926/images/big/16.webp,","Пол: Мужской,","Страна производства: Россия,",Alessio Nesca,https://www.wildberries.ru/seller/8475,"41 р. - 26,5 см,",48,4.8,131
https://www.wildberries.ru/catalog/110729030/detail.aspx,110729030,Ботинки зимние на платформе натуральная кожа,1229,"Представляем стильные женские зимние ботинки Alessio Nesca, выполненные в культовом дизайне «мартинсы» — идеальное сочетание премиального качества, комфорта и трендов для создания изысканных образов в холодный сезон.

Качество и тепло
Верх этих зимних ботинок из натуральной кожи выполнен из гладкого, высококачественного материала, который обеспечивает долговечность и благородный внешний вид. Внутри — густая подкладка из натурального меха, которая эффективно согревает ноги даже в мороз, сохраняя при этом естественную циркуляцию воздуха.

Дизайн, комфорт и безопасность
Особое внимание в этой модели уделено подошве. Массивная платформа — это не только стильный акцент, но и залог вашего комфорта. Её глубокий, нескользящий протектор из ТПЭ (термопластичного эластомера) обеспечивает уверенное сцепление на снегу и скользких поверхностях. Высокая подошва эффективно изолирует стопу от холодной земли, сохраняя тепло. Комбинация шнуровки и боковой молнии позволяет идеально отрегулировать ботинки по ноге и быстро их надевать.

Универсальный стиль
Эти бежевые зимние ботинки — идеальная база для создания смелых и уверенных городских образов. Они идеально сочетаются с джинсами, кожаными леггинсами, объемными свитерами и трикотажными платьями.","https://basket-07.wbbasket.ru/vol1107/part110729/110729030/images/big/1.webp,https://basket-07.wbbasket.ru/vol1107/part110729/110729030/images/big/2.webp,https://basket-07.wbbasket.ru/vol1107/part110729/110729030/images/big/3.webp,https://basket-07.wbbasket.ru/vol1107/part110729/110729030/images/big/4.webp,https://basket-07.wbbasket.ru/vol1107/part110729/110729030/images/big/5.webp,https://basket-07.wbbasket.ru/vol1107/part110729/110729030/images/big/6.webp,https://basket-07.wbbasket.ru/vol1107/part110729/110729030/images/big/7.webp,https://basket-07.wbbasket.ru/vol1107/part110729/110729030/images/big/8.webp,https://basket-07.wbbasket.ru/vol1107/part110729/110729030/images/big/9.webp,https://basket-07.wbbasket.ru/vol1107/part110729/110729030/images/big/10.webp,https://basket-07.wbbasket.ru/vol1107/part110729/110729030/images/big/11.webp,https://basket-07.wbbasket.ru/vol1107/part110729/110729030/images/big/12.webp,https://basket-07.wbbasket.ru/vol1107/part110729/110729030/images/big/13.webp,https://basket-07.wbbasket.ru/vol1107/part110729/110729030/images/big/14.webp,https://basket-07.wbbasket.ru/vol1107/part110729/110729030/images/big/15.webp,","Пол: Женский,","Страна производства: Россия,",Alessio Nesca,https://www.wildberries.ru/seller/8475,"37 р. - 23,5 см,",48,4.6,414
